﻿Designator,Quantity,Value,Footprint,Package,MPN,DNP,Mount_Type,Description
"C1, C2, C3, C4",4,1uF,C_0201_0603Metric,,,,smt,"Unpolarized capacitor, small symbol"
C5,1,10uF,C_0201_0603Metric,,,,smt,"Unpolarized capacitor, small symbol"
"C6, C7",2,22pF,C_0201_0603Metric,,,,smt,"Unpolarized capacitor, small symbol"
J3,1,USB_C_Receptacle,USB_C_Receptacle_Amphenol_12401548E4-2A,,,,smt,USB Full-Featured Type-C Receptacle connector
R1,1,10k,R_0402_1005Metric_Pad0.72x0.64mm_HandSolder,,,,smt,"Resistor, small symbol"
"R11, R12",2,5.1k,R_0201_0603Metric,,,,smt,"Resistor, small symbol"
"R2, R3",2,22,R_0201_0603Metric,,,,smt,"Resistor, small symbol"
"R4, R5, R6, R7",4,10k,R_0201_0603Metric,,,,smt,"Resistor, small symbol"
RST1,1,SW_Push,SW_Push_1P1T_NO_CK_KMR2,,,,smt,"Push button switch, generic, two pins"
"SW1, SW2, SW3",3,SW_Omron_B3FS,SW_SPST_Omron_B3FS-100xP,,,,smt,Omron B3FS 6x6mm single pole normally-open tactile switch
U1,1,ATmega32U4-A,TQFP-44_10x10mm_P0.8mm,,,,smt,"16MHz, 32kB Flash, 2.5kB SRAM, 1kB EEPROM, USB 2.0, TQFP-44"
Y1,1,Crystal_GND24_Small,Crystal_SMD_0603-4Pin_6.0x3.5mm,,,,smt,"Four pin crystal, GND on pins 2 and 4, small symbol"
