﻿pos_x,pos_y,rotation,side,designator,mpn,pack,footprint,value,mount_type
77.3425,-46.99,0.0,bottom,C1,,,C_0201_0603Metric,1uF,smt
73.6625,-64.49,180.0,bottom,C2,,,C_0201_0603Metric,1uF,smt
70.1625,-51.99,-90.0,bottom,C3,,,C_0201_0603Metric,1uF,smt
81.6625,-64.49,0.0,bottom,C4,,,C_0201_0603Metric,1uF,smt
86.5,-53.81,-90.0,bottom,C5,,,C_0201_0603Metric,10uF,smt
91.3425,-60.89,0.0,bottom,C6,,,C_0201_0603Metric,22pF,smt
91.8425,-50.89,180.0,bottom,C7,,,C_0201_0603Metric,22pF,smt
111.0,-57.24,-90.0,bottom,J3,,,USB_C_Receptacle_Amphenol_12401548E4-2A,USB_C_Receptacle,smt
76.5,-66.99,-90.0,bottom,R1,,,R_0402_1005Metric_Pad0.72x0.64mm_HandSolder,10k,smt
102.5,-54.49,180.0,bottom,R11,,,R_0201_0603Metric,5.1k,smt
102.5,-56.49,180.0,bottom,R12,,,R_0201_0603Metric,5.1k,smt
100.82,-58.99,180.0,bottom,R2,,,R_0201_0603Metric,22,smt
99.0,-57.99,180.0,bottom,R3,,,R_0201_0603Metric,22,smt
83.0,-65.99,0.0,bottom,R4,,,R_0201_0603Metric,10k,smt
46.0,-51.57,90.0,top,R5,,,R_0201_0603Metric,10k,smt
46.0,-59.5,90.0,top,R6,,,R_0201_0603Metric,10k,smt
46.0,-67.345,90.0,top,R7,,,R_0201_0603Metric,10k,smt
87.55,-64.19,180.0,bottom,RST1,,,SW_Push_1P1T_NO_CK_KMR2,SW_Push,smt
40.5,-49.55,0.0,top,SW1,,,SW_SPST_Omron_B3FS-100xP,SW_Omron_B3FS,smt
40.5,-57.4,0.0,top,SW2,,,SW_SPST_Omron_B3FS-100xP,SW_Omron_B3FS,smt
40.5,-65.25,0.0,top,SW3,,,SW_SPST_Omron_B3FS-100xP,SW_Omron_B3FS,smt
78.0,-55.99,-90.0,bottom,U1,,,TQFP-44_10x10mm_P0.8mm,ATmega32U4-A,smt
91.4875,-56.19,90.0,bottom,Y1,,,Crystal_SMD_0603-4Pin_6.0x3.5mm,Crystal_GND24_Small,smt
